{
  "5MockHotkey43717f6e": 25.81205767441859,
  "5MockHotkeyea99368c": 197.78794232558144,
  "5MockHotkey8f3f17df": 14.0
}