{
  "5MockHotkey43717f6e": 22.61205767441859,
  "5MockHotkeyea99368c": 42.58794232558143,
  "5MockHotkey8f3f17df": 3.4
}