{
  "5MockHotkey43717f6e": 9.412057674418609,
  "5MockHotkeyea99368c": 11.187942325581393,
  "5MockHotkey8f3f17df": 3.0
}