{
  "5MockHotkey43717f6e": 11.812057674418611,
  "5MockHotkeyea99368c": 15.78794232558139,
  "5MockHotkey8f3f17df": 3.0
}